statement_id,statement_text
1,I love the new phone update! It‚Äôs so user-friendly.
2,This is the worst product I‚Äôve ever bought. Terrible experience.
3,"Just got to work. Another day, nothing special so far."
4,"Great, another rainy day... just what I needed. üôÑ"
5,Thank you to everyone who sent birthday wishes!
6,"I'm not angry, I'm just very disappointed in the service."
7,The new interface is clean and easy to navigate. I found the settings I needed right away. It also seems faster than before. I did not expect to like the update this much.
8,I ordered this because the reviews were strong. The item arrived late and the box was dented. Then I realized one of the parts was missing. At that point I just wanted a refund.
9,The meeting started on time. We reviewed the agenda and assigned next steps. Nothing especially good or bad happened. It was a normal check-in.
10,"I was excited to try the restaurant. The appetizers were excellent, and the staff was friendly. The main course, though, was underseasoned and arrived barely warm. I left feeling a little conflicted."
11,"Everything about the trip felt easy. Check-in was fast, the room was spotless, and the view was beautiful. Even the breakfast was better than expected. I would absolutely stay there again."
12,"I spent half the morning trying to fix this issue. Every time I thought it was solved, another error appeared. The instructions online were vague and out of date. By the end I was more irritated than anything else."
13,"The package arrived this afternoon. I opened it at my desk and checked the contents. All the items were there. So far, everything seems fine."
14,"She gave a clear presentation. The examples were helpful, and the pacing was good. A few slides felt crowded, but not enough to distract from the talk. Overall, it was strong."
15,This software update is interesting. Some of the new tools are genuinely useful. Others feel like changes for the sake of change. I need more time before deciding how I feel about it.
16,"What a waste of time. I followed every step carefully. It still failed, and support was no help at all. I wish I had never bought it."
17,I had a surprisingly good experience. The product felt sturdy right away. Setup took less than ten minutes. It has worked smoothly ever since.
18,"The office was quiet this morning. I answered email, joined one call, and updated a spreadsheet. Then I went to lunch. It was an ordinary day."
19,"At first I thought this was going to be great. The design is attractive, and the material feels nice. But after two uses, the zipper started catching badly. That really changed my impression."
20,I appreciate everyone who helped me today. Your advice made the decision much easier. I felt supported the whole time. Thank you again.
21,The weather report says it will rain in the afternoon. Temperatures should stay mild. Winds are expected to be light. I will probably bring an umbrella just in case.
22,"I was not expecting much from the workshop. Still, the speaker was engaging, and the activities were practical. A couple of sections dragged a bit. Even so, I learned more than I expected."
23,The customer service agent sounded annoyed from the start. I had to explain the problem three times. Then I was transferred and put on hold again. The whole interaction felt dismissive.
24,"This is exactly the kind of tool I needed. It saves time, the layout makes sense, and the results are consistent. I have already recommended it to two colleagues. I am genuinely impressed."
25,"The event was fine. People arrived, talked in small groups, and left around eight. The refreshments were decent. Nothing stood out very much."
26,"I can see why some people like this movie. The cinematography is beautiful, and a few scenes are memorable. The story, though, felt uneven to me. I do not regret watching it, but I would not rush to see it again."
27,"Perfect, another update that moved everything around for no reason. Now the feature I use most takes three extra clicks to find. I am sure someone thought this was a great improvement. I do not share that opinion."
28,The hotel lobby looked nice. Check-in took about five minutes. The room key worked on the first try. Then I went upstairs and unpacked.
29,"This was one of the best meals I have had in months. The soup was rich, the bread was fresh, and the dessert was excellent. Even the coffee was good. I left in a very good mood."
30,"I am still undecided. The program offers a lot of useful features. At the same time, it feels more complicated than it needs to be. I can imagine ending up either very satisfied or very frustrated."
31,"The chair looks better in the photos than it does in person. It is not awful, but the finish feels cheap. It also creaks whenever I lean back. For the price, I expected more."
32,My train left on time. I found a seat quickly and read for most of the ride. The station was less crowded than usual. Everything went smoothly.
33,I love how thoughtful this gift was. You clearly paid attention to what I like. That made it feel especially meaningful. I am really touched.
34,"The process was slower than I wanted. Still, the staff kept me informed, and the final result was solid. I cannot say I enjoyed it, but I also cannot say it went badly. It was somewhere in the middle."
35,I opened the app and noticed the new icons right away. A few menus seem to have been reorganized. The core functions appear unchanged. I will probably get used to it.
36,"This has been exhausting. The deadlines keep shifting, communication is poor, and no one seems accountable. Every step feels harder than it should be. I am losing patience."
37,"The lecture was dense but worthwhile. I had to concentrate more than usual, yet the argument was clear. The examples helped a lot. I am glad I went."
38,"I bought this as a backup option. It works, but only well enough. The battery life is average, and the controls are a bit awkward. I will keep it, though I am not excited about it."
39,"Nothing unusual happened on my walk home. I stopped at the store, bought milk, and came back. The streets were quiet. It was a normal evening."
40,"I am honestly thrilled with how this turned out. The final version is cleaner, stronger, and more polished than the draft. The feedback clearly paid off. This feels like a real success."
41,"The product description made big promises. In reality, performance was inconsistent from the start. Sometimes it worked well, and sometimes it barely worked at all. That made it hard to trust."
42,"The seminar covered the expected topics. The readings were mentioned briefly, and students asked a few questions. It moved at a steady pace. There was nothing particularly surprising about it."
43,"I was worried the service would be awkward. Instead, everyone was warm and attentive. They handled the issue quickly and without drama. I came away feeling relieved."
44,"The food was edible, but that is about the nicest thing I can say. It looked tired, tasted bland, and arrived lukewarm. I forced myself to finish enough to avoid being hungry later. I would not order it again."
45,"There are things I admire here. The writing is sharp, and the performances are strong. But the pacing keeps pulling me out of the story. My reaction is mixed."
46,"The package contained three folders, a cable, and a printed invoice. I placed everything on the shelf. Later I checked the serial number. Nothing seemed out of place."
47,I am grateful for the support I received this week. Several people stepped in when I needed help. That made a difficult stretch much easier. I will remember that.
48,"I thought this would be simple. Instead, the instructions were confusing, one step was missing, and the website linked in the guide no longer exists. By the end I was just annoyed."
49,"The garden looks beautiful right now. New flowers opened this morning, and the herbs are growing quickly. Even the small corner by the fence seems fuller. It is a pleasure to look at."
50,"The event had good intentions. The panelists were thoughtful, and some comments were genuinely useful. Even so, the session felt too long and loosely organized. I left with mixed feelings."
51,"I checked in, dropped off my bag, and sat near the window. A few minutes later, the meeting began. We introduced ourselves and reviewed the schedule. Then the discussion got underway."
52,"This is the kind of careless service that drives customers away. No one followed up, no one apologized, and no one seemed to know what was happening. I felt ignored the entire time. That is not acceptable."
53,"The speaker was funny and easy to follow. I liked the energy in the room. A couple of examples felt repetitive, but not enough to hurt the session. Overall, I enjoyed it."
54,"The form was submitted successfully. I received a confirmation email a few seconds later. After that, I closed my laptop and went on with my day. Everything seemed routine."
55,"I expected this to feel gimmicky. Instead, it turned out to be practical and well designed. I have used it every day this week without a problem. That has won me over."
56,"Another flawless example of how not to organize an event. The signs were unclear, the schedule changed constantly, and the staff contradicted one another. At least it was memorable for the wrong reasons."
57,"I am not sure this deserves all the praise it gets. It is competent and occasionally impressive. Still, I never felt especially moved by it. My response stayed fairly moderate."
58,"The office lights were still on when I arrived. A few people were already at their desks. I made coffee, opened my notebook, and started working. It felt like any other morning."
59,"This news absolutely made my day. I had been hoping for this outcome, but I did not want to assume it would happen. Now I am excited and relieved. It feels wonderful."
60,"The material is softer than I expected. The color is accurate, and the fit is close to right. Still, one seam looks weaker than it should. I am cautiously optimistic."
61,"I do not understand how this passed basic quality checks. The buttons stick, the lid does not close properly, and the finish is already peeling. It feels sloppy from top to bottom. I am very disappointed."
62,"We reviewed the numbers from last quarter. A few categories improved, while others remained flat. The discussion was brief and fairly technical. No decisions were made yet."
63,Thank you for checking in on me. Your message came at exactly the right time. It meant more than you probably realized. I really appreciated it.
64,"The room was smaller than I expected. It was clean, though, and the bed was comfortable enough. The noise from the hallway was a little annoying. Overall, it was acceptable."
65,"The game started off strong. Then it became repetitive, and the final levels felt more tedious than challenging. I kept playing because I wanted to finish. Enjoyment faded as I went."
66,"The hallway was quiet, and most of the doors were closed. I could hear faint music from somewhere down the corridor. A maintenance cart was parked near the elevator. That was all I noticed."
67,"I feel lucky to work with such a thoughtful team. People communicate clearly, share credit, and show up for one another. That makes a huge difference on stressful days. I value it a lot."
68,"This would be easier to tolerate if it were not so expensive. The main function works, but the experience feels clunky and unfinished. I keep noticing little problems. None of that inspires confidence."
69,"The park was calm in the evening. A few people were walking their dogs, and the benches near the fountain were occupied. The air felt cool after the heat of the day. It was peaceful."
70,"I had really high hopes for this. Unfortunately, it never came together. The pacing was slow, the writing felt thin, and the ending was deeply unsatisfying. I left feeling let down."
71,"The update is not dramatic. A few menus are easier to find now, and loading seems a bit faster. Beyond that, most of it feels familiar. I doubt many people will care much."
72,"I am so glad we had this conversation. Things feel clearer now, and the tension has mostly lifted. I appreciate how direct and respectful you were. That helped a lot."
73,"The customer support response was polite but unhelpful. They answered quickly, yet the actual advice solved nothing. I ended up fixing the problem myself. That was frustrating."
74,"We met at noon, reviewed the draft, and made a few edits. After that we discussed the timeline for next week. Then everyone left for lunch. The whole thing was straightforward."
75,"This is easily one of the best purchases I have made all year. It works exactly as promised, feels durable, and looks great. I have had no issues with it at all. I am extremely pleased."
76,"I can understand both sides of the argument. Some of the concerns seem valid, but so do the potential benefits. At this point I do not feel strongly either way. I am still weighing it."
77,"Wonderful, the refund process is somehow more complicated than the original purchase. Every step asks for another form or confirmation. It almost feels designed to make people give up. That is infuriating."
78,"The museum was larger than I expected. We spent two hours there and still skipped a few rooms. The exhibits were clearly labeled, and the building itself was impressive. I would gladly go back."
79,"The bus was late. When it finally arrived, it was crowded and too warm inside. By the time I got home, I was tired and irritated. It was not a great commute."
80,"I opened the file, checked the dates, and renamed two folders. Then I uploaded the final version and sent the link. A confirmation message appeared right away. After that I logged off."
81,"I am pleasantly surprised by how easy this was. The instructions were clear, the parts fit together well, and nothing felt confusing. It saved me a lot of time. I would happily use it again."
82,"There is nothing especially wrong with the product. It functions as intended, and the quality seems acceptable. At the same time, it does not stand out from similar options. I feel neutral about it."
83,"The class was harder than I expected, but it was worth it. I had to work more than usual, yet I learned a great deal. The challenge felt productive rather than discouraging. I am glad I took it."
84,"This entire experience has been one delay after another. No one gives the same answer twice, and the timeline keeps slipping. I am tired of chasing updates. At this point I want out."
85,"The city looked different in the early morning. Shops were still closed, the sidewalks were nearly empty, and the air felt unusually cool. I walked for twenty minutes before seeing much traffic. It was quiet."
86,"The meal was decent. The soup was good, but the main dish was only average. Dessert was better than I expected. I would call it satisfactory overall."
87,I genuinely admire how consistently you show up for people. That kind of reliability is rare. It makes others feel supported and seen. It is a quality I respect a lot.
88,"This should not be so difficult. I read the guide twice, watched the tutorial, and still ended up confused. Then the system froze and erased my progress. I was furious."
89,"The workshop included a lecture, a short break, and a group activity. Participants asked a few questions near the end. The facilitator closed by sharing a resource list. It followed a predictable structure."
90,"I thought the announcement would feel bigger than this. The news is fine, and I understand why people are pleased. I just do not feel especially excited. Maybe it will grow on me."
91,The attention to detail here is impressive. Small choices in the design make the whole experience smoother. It feels like real care went into this. That stands out to me.
92,"The mattress is firmer than I expected. That was noticeable on the first night. By the third night, though, I was starting to adjust. I am still deciding whether I like it."
93,I have had enough of these delays. Every missed deadline creates more work for everyone else. At this point it feels careless and disrespectful. My patience is gone.
94,"The lunch special included soup, bread, and iced tea. I ate near the window and listened to the people at the next table talking softly. After about half an hour, I paid and left. It was uneventful."
95,"The photos turned out beautifully. The light was soft, the colors looked natural, and the composition felt balanced. I am really happy with them. They exceeded my expectations."
96,"I suppose it could have gone worse. Some parts were handled competently, and no major disaster happened. Still, that is not exactly the standard I was hoping for. My feelings are lukewarm."
97,"The first impression was strong. Later, I noticed a few shortcuts in the construction and some inconsistency in performance. It is not a disaster, but it also is not impressive. I feel a bit let down."
98,The dog ran across the yard and barked at the fence. A few minutes later it settled down near the porch. Then the owner called it inside. After that the yard was quiet again.
99,"I cannot stop smiling about this. The whole day turned out better than I imagined, and I feel incredibly lucky. Moments like this do not come often. I am very, very happy."
100,"The service was slow, the explanation was unclear, and the final result was mediocre. I kept waiting for something to improve, but nothing did. By the end I just wanted to leave. It was deeply disappointing."